condition,policy,deployed_accuracy,atc_estimate,violated,false_alarm_rate,detection_rate,median_delay,q25_delay,q75_delay,mean_labels
clean,fixed 1%,0.9725,0.9512,False,0.0,,nan,,,198.43666666666667
clean,two-tier 1% -> 10%,0.9725,0.9512,False,0.0,,nan,,,1279.37
clean,fixed 10%,0.9725,0.9512,False,0.0,,nan,,,1994.8533333333332
clean,"two-tier, relative trigger",0.9725,0.9512,False,0.0,,nan,,,236.6
noise_0.3,fixed 1%,0.7978,0.8156,True,0.0,0.98,6494.0,4875.25,8214.75,118.2
noise_0.3,two-tier 1% -> 10%,0.7978,0.8156,True,0.0,1.0,1024.5,830.25,1241.0,390.63666666666666
noise_0.3,fixed 10%,0.7978,0.8156,True,0.0,1.0,918.0,725.75,1110.75,592.9733333333334
noise_0.3,"two-tier, relative trigger",0.7978,0.8156,True,0.0,1.0,885.0,728.75,1086.0,128.07666666666665
blur_0.8,fixed 1%,0.8491,0.7216,True,0.0,0.8233333333333334,9046.0,6735.0,12095.0,153.00333333333333
blur_0.8,two-tier 1% -> 10%,0.8491,0.7216,True,0.0,1.0,1535.5,1230.0,1851.0,451.1333333333333
blur_0.8,fixed 10%,0.8491,0.7216,True,0.0,1.0,1353.5,1058.0,1689.0,642.3533333333334
blur_0.8,"two-tier, relative trigger",0.8491,0.7216,True,0.0,1.0,1282.0,1017.5,1620.5,171.91
blur_0.6,fixed 1%,0.9348,0.9006,True,0.0,0.0033333333333333335,10283.0,10283.0,10283.0,199.02666666666667
blur_0.6,two-tier 1% -> 10%,0.9348,0.9006,True,0.0,0.5133333333333333,7972.0,4779.0,11077.0,1434.6966666666667
blur_0.6,fixed 10%,0.9348,0.9006,True,0.0,0.5366666666666666,8423.0,5440.0,11822.0,1645.77
blur_0.6,"two-tier, relative trigger",0.9348,0.9006,True,0.0,0.5366666666666666,7813.0,5109.0,11397.0,1144.5033333333333
shift_1px,fixed 1%,0.4646,0.7331,True,0.0,1.0,1801.0,1403.75,2270.5,69.17333333333333
shift_1px,two-tier 1% -> 10%,0.4646,0.7331,True,0.0,1.0,389.0,298.75,500.0,322.97333333333336
shift_1px,fixed 10%,0.4646,0.7331,True,0.0,1.0,306.0,240.0,376.25,531.3066666666666
shift_1px,"two-tier, relative trigger",0.4646,0.7331,True,0.0,1.0,412.0,373.5,469.0,77.87333333333333
gradual_noise,fixed 1%,0.6629,0.7564,True,0.0,0.99,8053.0,7079.0,8940.0,160.97
gradual_noise,two-tier 1% -> 10%,0.6629,0.7564,True,0.0,1.0,3116.5,2657.25,3537.0,847.9
gradual_noise,fixed 10%,0.6629,0.7564,True,0.0,1.0,3130.5,2706.5,3565.25,1113.6866666666667
gradual_noise,"two-tier, relative trigger",0.6629,0.7564,True,0.0,1.0,3190.5,2850.0,3508.25,392.17
label_1_7,fixed 1%,0.7774,0.9503,True,0.0,1.0,5591.0,4029.75,6816.0,105.34666666666666
label_1_7,two-tier 1% -> 10%,0.7774,0.9503,True,0.0,1.0,1226.0,868.0,1698.25,376.31333333333333
label_1_7,fixed 10%,0.7774,0.9503,True,0.0,1.0,880.5,712.25,1036.0,586.41
label_1_7,"two-tier, relative trigger",0.7774,0.9503,True,0.0,1.0,4902.0,3724.25,6672.5,118.15333333333334
