post_accuracy,policy,false_alarm_rate,detection_rate,median_delay,q25_delay,q75_delay,mean_labels
0.92,fixed 1%,0.0,0.025,13942.0,11112.0,14314.0,198.98
0.92,two-tier 1% -> 10%,0.0,0.745,6999.0,4739.0,10894.0,996.675
0.92,fixed 10%,0.0,0.695,6684.0,4578.5,10197.5,1477.07
0.9,fixed 1%,0.0,0.105,11794.0,10674.0,13124.0,196.475
0.9,two-tier 1% -> 10%,0.0,1.0,3689.0,2530.5,4763.25,442.06
0.9,fixed 10%,0.0,0.995,4097.0,2818.0,5572.0,949.26
0.88,fixed 1%,0.0,0.24,12273.5,9619.25,13338.5,190.475
0.88,two-tier 1% -> 10%,0.0,1.0,2308.0,1748.75,3023.75,283.715
0.88,fixed 10%,0.0,1.0,2345.0,1830.0,3034.0,750.2
0.85,fixed 1%,0.0,0.635,10121.0,7625.0,12454.0,165.91
0.85,two-tier 1% -> 10%,0.0,1.0,1519.0,1062.75,1939.75,192.85
0.85,fixed 10%,0.0,1.0,1586.5,1233.5,1928.75,664.31
0.8,fixed 1%,0.0,0.96,7544.0,5378.0,9681.75,129.68
0.8,two-tier 1% -> 10%,0.0,1.0,978.0,801.75,1200.0,138.03
0.8,fixed 10%,0.0,1.0,1068.0,850.75,1285.0,607.96
0.75,fixed 1%,0.0,0.995,5255.0,3777.5,7107.5,102.895
0.75,two-tier 1% -> 10%,0.0,1.0,766.0,618.5,930.5,115.055
0.75,fixed 10%,0.0,1.0,809.0,653.75,960.25,581.64
0.7,fixed 1%,0.0,1.0,4019.0,2970.75,5157.75,92.7
0.7,two-tier 1% -> 10%,0.0,1.0,636.0,537.0,745.25,100.19
0.7,fixed 10%,0.0,1.0,648.0,539.0,788.75,565.26
