label_delay,policy,false_alarm_rate,detection_rate,median_delay,q25_delay,q75_delay,mean_labels
0,two-tier 1% -> 10%,0.0,1.0,895.0,730.75,1094.0,132.41
0,fixed 10%,0.0,1.0,971.0,751.5,1178.5,596.73
500,two-tier 1% -> 10%,0.0,1.0,1313.0,1155.0,1507.5,121.085
500,fixed 10%,0.0,1.0,1440.5,1231.5,1638.0,593.335
1000,two-tier 1% -> 10%,0.0,1.0,1908.0,1726.75,2109.0,130.21
1000,fixed 10%,0.0,1.0,1932.0,1779.0,2138.0,599.52
2000,two-tier 1% -> 10%,0.0,1.0,2855.5,2688.5,3091.5,127.63
2000,fixed 10%,0.0,1.0,2983.5,2795.0,3176.0,599.805
5000,two-tier 1% -> 10%,0.0,1.0,5848.0,5682.5,6019.75,128.815
5000,fixed 10%,0.0,1.0,5925.0,5758.75,6085.25,588.475
