tolerance,floor,scenario,false_alarm_rate,detection_rate,median_delay,q25_delay,q75_delay,mean_labels
0.01,0.005,abrupt_covariate,0.0,1.0,820.5,678.0,1005.75,168.21
0.01,0.005,boundary,0.03,,nan,nan,nan,1465.25
0.01,0.01,abrupt_covariate,0.0,1.0,857.0,707.75,1042.0,193.165
0.01,0.01,boundary,0.01,,nan,nan,nan,1515.86
0.01,0.02,abrupt_covariate,0.0,1.0,920.5,751.5,1114.0,237.225
0.01,0.02,boundary,0.005,,nan,nan,nan,1562.19
0.01,0.05,abrupt_covariate,0.0,1.0,859.5,723.5,1073.0,364.68
0.01,0.05,boundary,0.02,,nan,nan,nan,1705.18
0.02,0.005,abrupt_covariate,0.0,1.0,767.0,595.75,943.0,90.63
0.02,0.005,boundary,0.02,,nan,nan,nan,1696.165
0.02,0.01,abrupt_covariate,0.0,1.0,888.0,721.5,1049.5,125.58
0.02,0.01,boundary,0.03,,nan,nan,nan,1724.26
0.02,0.02,abrupt_covariate,0.0,1.0,972.0,835.25,1219.25,194.17
0.02,0.02,boundary,0.02,,nan,nan,nan,1757.71
0.02,0.05,abrupt_covariate,0.0,1.0,1069.5,872.0,1306.25,351.755
0.02,0.05,boundary,0.03,,nan,nan,nan,1814.6
0.03,0.005,abrupt_covariate,0.0,1.0,921.5,733.75,1132.75,98.12
0.03,0.005,boundary,0.025,,nan,nan,nan,1835.175
0.03,0.01,abrupt_covariate,0.0,1.0,1015.5,817.75,1237.75,131.69
0.03,0.01,boundary,0.025,,nan,nan,nan,1826.4
0.03,0.02,abrupt_covariate,0.0,1.0,1189.5,1021.75,1402.0,203.495
0.03,0.02,boundary,0.015,,nan,nan,nan,1871.805
0.03,0.05,abrupt_covariate,0.0,1.0,1221.5,1017.25,1454.5,363.345
0.03,0.05,boundary,0.01,,nan,nan,nan,1911.46
